{"accuracy": [0.20415200293064117, 0.26172977685928345, 0.34393396973609924, 0.423456072807312, 0.46814587712287903, 0.5018983483314514, 0.5238775014877319, 0.5393430590629578, 0.5538681149482727, 0.5631683468818665], "loss": [2.2172152996063232, 1.8209446668624878, 1.6553122997283936, 1.480876088142395, 1.3800866603851318, 1.3111478090286255, 1.2522327899932861, 1.2098714113235474, 1.1784530878067017, 1.1544822454452515], "val_accuracy": [0.26051825284957886, 0.3048202693462372, 0.43117859959602356, 0.4441348612308502, 0.492337703704834, 0.5018110871315002, 0.49122318625450134, 0.5753691792488098, 0.5830314755439758, 0.5837280750274658], "val_loss": [1.8877570629119873, 1.7260711193084717, 1.4879403114318848, 1.455581545829773, 1.3867957592010498, 1.3378663063049316, 1.3257827758789062, 1.109295129776001, 1.0947407484054565, 1.0864120721817017], "learning_rate": [0.0010000000474974513, 0.0010000000474974513, 0.0010000000474974513, 0.0010000000474974513, 0.0010000000474974513, 0.0010000000474974513, 0.0010000000474974513, 0.0010000000474974513, 0.0010000000474974513, 0.0010000000474974513]}